{"cameraMode":{"drawMode":0,"name":"Shaded","section":"Shading Mode"},"sceneLighting":false,"audioPlay":false,"sceneViewState":{"showFog":false,"showMaterialUpdate":false,"showSkybox":false,"showFlares":false,"showImageEffects":false,"showParticleSystems":false},"in2DMode":false,"pivot":{"x":2.124315023422241,"y":-1.1383204460144044,"z":-24.248170852661134},"rotation":{"x":0.3271957039833069,"y":-0.01026827096939087,"z":0.0034118734765797855,"w":0.9450236558914185},"size":5.244044303894043,"orthographic":false}