{"cameraMode":{"drawMode":0,"name":"Shaded","section":"Shading Mode"},"sceneLighting":true,"audioPlay":false,"sceneViewState":{"showFog":false,"showMaterialUpdate":false,"showSkybox":false,"showFlares":false,"showImageEffects":false,"showParticleSystems":false},"in2DMode":false,"pivot":{"x":33.24354553222656,"y":-31.045166015625,"z":130.5439453125},"rotation":{"x":-0.22039279341697694,"y":-0.03270107880234718,"z":0.007778259925544262,"w":-0.975035548210144},"size":126.71424865722656,"orthographic":false}