{"cameraMode":{"drawMode":0,"name":"Shaded","section":"Shading Mode"},"sceneLighting":false,"audioPlay":false,"sceneViewState":{"showFog":false,"showMaterialUpdate":false,"showSkybox":false,"showFlares":false,"showImageEffects":false,"showParticleSystems":false},"in2DMode":false,"pivot":{"x":1.4011778831481934,"y":1.891707181930542,"z":3.9074063301086427},"rotation":{"x":0.09273079037666321,"y":-0.9024519920349121,"z":0.2442554533481598,"w":0.3427687883377075},"size":3.7770907878875734,"orthographic":false}