{"cameraMode":{"drawMode":0,"name":"Shaded","section":"Shading Mode"},"sceneLighting":false,"audioPlay":false,"sceneViewState":{"showFog":false,"showMaterialUpdate":false,"showSkybox":false,"showFlares":false,"showImageEffects":false,"showParticleSystems":false},"in2DMode":false,"pivot":{"x":0.9790968894958496,"y":2.1971161365509035,"z":-4.911975860595703},"rotation":{"x":-0.24007648229599,"y":0.3305571675300598,"z":-0.08730567991733551,"w":-0.9085975885391235},"size":8.807262420654297,"orthographic":false}